Sequence,Score
GYTFTNY,1
YTFTNYG,0
TFTNYGY,1
FTNYGYT,1
TNYGYTF,1
NYGYTFT,1
YGYTFTN,1
YPGNSD,1
PGNSDY,0
GNSDYP,1
NSDYPG,1
SDYPGN,1
DYPGNS,0
YDGYYVFAY,1
DGYYVFAYY,1
GYYVFAYYD,1
YYVFAYYDG,1
YVFAYYDGY,1
VFAYYDGYY,1
FAYYDGYYV,1
AYYDGYYVF,1
YYDGYYVFA,1
RASRDISNNLH,1
ASRDISNNLHR,1
SRDISNNLHRA,1
RDISNNLHRAS,0
DISNNLHRASR,0
ISNNLHRASRD,1
SNNLHRASRDI,0
NNLHRASRDIS,1
NLHRASRDISN,1
LHRASRDISNN,0
HRASRDISNNL,1
YASQSMS,0
ASQSMSY,0
SQSMSYA,0
QSMSYAS,0
SMSYASQ,0
MSYASQS,0
SYASQSM,0
QQTNSWPYT,0
QTNSWPYTQ,0
TNSWPYTQQ,0
NSWPYTQQT,0
SWPYTQQTN,0
WPYTQQTNS,0
PYTQQTNSW,0
YTQQTNSWP,0
TQQTNSWPY,0
GFTFDDY,1
FTFDDYG,1
TFDDYGF,1
FDDYGFT,1
DDYGFTF,1
DYGFTFD,1
YGFTFDD,1
TWNSGH,1
WNSGHT,1
NSGHTW,1
SGHTWN,1
GHTWNS,0
HTWNSG,1
VSYLSTASSLDY,1
SYLSTASSLDYV,1
YLSTASSLDYVS,1
LSTASSLDYVSY,1
STASSLDYVSYL,1
TASSLDYVSYLS,1
ASSLDYVSYLST,1
SSLDYVSYLSTA,0
SLDYVSYLSTAS,0
LDYVSYLSTASS,1
DYVSYLSTASSL,1
YVSYLSTASSLD,1
RASQGIRNYLA,1
ASQGIRNYLAR,1
SQGIRNYLARA,1
QGIRNYLARAS,0
GIRNYLARASQ,1
IRNYLARASQG,1
RNYLARASQGI,0
NYLARASQGIR,1
YLARASQGIRN,1
LARASQGIRNY,0
ARASQGIRNYL,1
AASTLQS,0
ASTLQSA,0
STLQSAA,0
TLQSAAS,0
LQSAAST,0
QSAASTL,0
SAASTLQ,0
QRYNRAPYT,0
RYNRAPYTQ,0
YNRAPYTQR,0
NRAPYTQRY,0
RAPYTQRYN,0
APYTQRYNR,0
PYTQRYNRA,0
YTQRYNRAP,0
TQRYNRAPY,0
GFIFSNH,1
FIFSNHG,0
IFSNHGF,1
FSNHGFI,1
SNHGFIF,1
NHGFIFS,1
HGFIFSN,1
RSKSINSA,1
SKSINSAR,0
KSINSARS,1
SINSARSK,1
INSARSKS,1
NSARSKSI,0
SARSKSIN,1
ARSKSINS,1
NYYGSTYDY,1
YYGSTYDYN,1
YGSTYDYNY,1
GSTYDYNYY,1
STYDYNYYG,1
TYDYNYYGS,0
YDYNYYGST,1
DYNYYGSTY,1
YNYYGSTYD,1
RASQFVGSSIH,1
ASQFVGSSIHR,1
SQFVGSSIHRA,0
QFVGSSIHRAS,0
FVGSSIHRASQ,1
VGSSIHRASQF,1
GSSIHRASQFV,1
SSIHRASQFVG,1
SIHRASQFVGS,1
IHRASQFVGSS,1
HRASQFVGSSI,1
YASESMS,1
ASESMSY,0
SESMSYA,1
ESMSYAS,1
SMSYASE,1
MSYASES,1
SYASESM,1
QQSHSWPFT,0
QSHSWPFTQ,0
SHSWPFTQQ,0
HSWPFTQQS,0
SWPFTQQSH,0
WPFTQQSHS,0
PFTQQSHSW,0
FTQQSHSWP,0
TQQSHSWPF,0
GFTFTDF,0
FTFTDFG,0
TFTDFGF,1
FTDFGFT,0
TDFGFTF,1
DFGFTFT,0
FGFTFTD,0
RDKAKGYT,1
DKAKGYTR,1
KAKGYTRD,1
AKGYTRDK,1
KGYTRDKA,1
GYTRDKAK,1
YTRDKAKG,1
TRDKAKGY,1
EGHTAAPFDY,1
GHTAAPFDYE,1
HTAAPFDYEG,1
TAAPFDYEGH,1
AAPFDYEGHT,0
APFDYEGHTA,1
PFDYEGHTAA,0
FDYEGHTAAP,1
DYEGHTAAPF,1
YEGHTAAPFD,1
KASQNIDKYLN,0
ASQNIDKYLNK,1
SQNIDKYLNKA,1
QNIDKYLNKAS,1
NIDKYLNKASQ,1
IDKYLNKASQN,1
DKYLNKASQNI,0
KYLNKASQNID,1
YLNKASQNIDK,1
LNKASQNIDKY,0
NKASQNIDKYL,1
NTNNLQT,0
TNNLQTN,0
NNLQTNT,0
NLQTNTN,0
LQTNTNN,0
QTNTNNL,0
TNTNNLQ,0
LQHISRPRT,1
QHISRPRTL,1
HISRPRTLQ,1
ISRPRTLQH,1
SRPRTLQHI,1
RPRTLQHIS,0
PRTLQHISR,0
RTLQHISRP,1
TLQHISRPR,0
GFAFSSY,1
FAFSSYG,1
AFSSYGF,1
FSSYGFA,1
SSYGFAF,1
SYGFAFS,1
YGFAFSS,1
WFDGTK,1
FDGTKW,1
DGTKWF,1
GTKWFD,1
TKWFDG,1
KWFDGT,1
RASQSISSYLN,1
ASQSISSYLNR,1
SQSISSYLNRA,1
QSISSYLNRAS,0
SISSYLNRASQ,1
ISSYLNRASQS,1
SSYLNRASQSI,0
SYLNRASQSIS,1
YLNRASQSISS,1
LNRASQSISSY,0
NRASQSISSYL,1
AASSLQS,0
ASSLQSA,0
SSLQSAA,0
SLQSAAS,0
LQSAASS,0
QSAASSL,0
SAASSLQ,0
QQSYSTPLT,0
QSYSTPLTQ,0
SYSTPLTQQ,0
YSTPLTQQS,0
STPLTQQSY,0
TPLTQQSYS,0
PLTQQSYST,0
LTQQSYSTP,0
TQQSYSTPL,0
GYYTEAY,1
YYTEAYG,1
YTEAYGY,1
TEAYGYY,1
EAYGYYT,1
AYGYYTE,1
YGYYTEA,1
DPATGN,1
PATGND,0
ATGNDP,1
TGNDPA,1
GNDPAT,1
NDPATG,1
LYSLPVY,0
YSLPVYL,0
SLPVYLY,0
LPVYLYS,0
PVYLYSL,0
VYLYSLP,0
YLYSLPV,0
QISRLDP,1
ISRLDPQ,0
SRLDPQI,1
RLDPQIS,1
LDPQISR,1
DPQISRL,1
PQISRLD,0
LQGTHYPVL,0
QGTHYPVLL,0
GTHYPVLLQ,0
THYPVLLQG,0
HYPVLLQGT,0
YPVLLQGTH,0
PVLLQGTHY,0
VLLQGTHYP,0
LLQGTHYPV,0
GFNIKDT,1
FNIKDTG,1
NIKDTGF,1
IKDTGFN,1
KDTGFNI,1
DTGFNIK,0
TGFNIKD,1
YPTNGY,1
PTNGYY,0
TNGYYP,1
NGYYPT,1
GYYPTN,1
YYPTNG,0
WGGDGFYAMDY,1
GGDGFYAMDYW,1
GDGFYAMDYWG,1
DGFYAMDYWGG,1
GFYAMDYWGGD,0
FYAMDYWGGDG,1
YAMDYWGGDGF,1
AMDYWGGDGFY,1
MDYWGGDGFYA,1
DYWGGDGFYAM,1
YWGGDGFYAMD,1
RASQDVNTAVA,0
ASQDVNTAVAR,0
SQDVNTAVARA,0
QDVNTAVARAS,0
DVNTAVARASQ,0
VNTAVARASQD,0
NTAVARASQDV,0
TAVARASQDVN,0
AVARASQDVNT,0
VARASQDVNTA,0
ARASQDVNTAV,0
SASFLYS,1
ASFLYSS,1
SFLYSSA,1
FLYSSAS,1
LYSSASF,1
YSSASFL,1
SSASFLY,1
QQHYTTPPT,0
QHYTTPPTQ,0
HYTTPPTQQ,0
YTTPPTQQH,0
TTPPTQQHY,0
TPPTQQHYT,0
PPTQQHYTT,0
PTQQHYTTP,0
TQQHYTTPP,0
GFTFTDY,0
FTFTDYG,0
TFTDYGF,1
FTDYGFT,0
TDYGFTF,1
DYGFTFT,0
YGFTFTD,0
NPNSGG,1
PNSGGN,0
NSGGNP,0
SGGNPN,1
GGNPNS,0
GNPNSG,1
NLGPSFYFDY,1
LGPSFYFDYN,1
GPSFYFDYNL,1
PSFYFDYNLG,0
SFYFDYNLGP,1
FYFDYNLGPS,1
YFDYNLGPSF,0
FDYNLGPSFY,1
DYNLGPSFYF,1
YNLGPSFYFD,1
KASQDVSIGVA,0
ASQDVSIGVAK,0
SQDVSIGVAKA,0
QDVSIGVAKAS,0
DVSIGVAKASQ,0
VSIGVAKASQD,0
SIGVAKASQDV,0
IGVAKASQDVS,0
GVAKASQDVSI,0
VAKASQDVSIG,0
AKASQDVSIGV,0
SASYRYT,1
ASYRYTS,1
SYRYTSA,1
YRYTSAS,1
RYTSASY,1
YTSASYR,1
TSASYRY,1
QQYYIYPYT,0
QYYIYPYTQ,0
YYIYPYTQQ,0
YIYPYTQQY,0
IYPYTQQYY,0
YPYTQQYYI,0
PYTQQYYIY,0
YTQQYYIYP,0
TQQYYIYPY,0
GFTFTDY,0
FTFTDYG,0
TFTDYGF,1
FTDYGFT,0
TDYGFTF,1
DYGFTFT,0
YGFTFTD,0
GNKANGYT,0
NKANGYTG,1
KANGYTGN,1
ANGYTGNK,1
NGYTGNKA,1
GYTGNKAN,0
YTGNKANG,1
TGNKANGY,1
DRGLRFYFDY,1
RGLRFYFDYD,1
GLRFYFDYDR,1
LRFYFDYDRG,0
RFYFDYDRGL,1
FYFDYDRGLR,1
YFDYDRGLRF,0
FDYDRGLRFY,1
DYDRGLRFYF,1
YDRGLRFYFD,1
RASSSVTYIH,1
ASSSVTYIHR,0
SSSVTYIHRA,0
SSVTYIHRAS,1
SVTYIHRASS,1
VTYIHRASSS,1
TYIHRASSSV,1
YIHRASSSVT,0
IHRASSSVTY,1
HRASSSVTYI,1
ATSNLAS,1
TSNLASA,1
SNLASAT,1
NLASATS,1
LASATSN,1
ASATSNL,1
SATSNLA,0
QHWSSKPPT,0
HWSSKPPTQ,0
WSSKPPTQH,0
SSKPPTQHW,0
SKPPTQHWS,0
KPPTQHWSS,0
PPTQHWSSK,0
PTQHWSSKP,0
TQHWSSKPP,0
GFTFSDS,1
FTFSDSG,1
TFSDSGF,1
FSDSGFT,1
SDSGFTF,1
DSGFTFS,1
SGFTFSD,1
SPYGGS,1
PYGGSS,0
YGGSSP,1
GGSSPY,1
GSSPYG,1
SSPYGG,1
RHWPGGFDY,1
HWPGGFDYR,0
WPGGFDYRH,1
PGGFDYRHW,0
GGFDYRHWP,1
GFDYRHWPG,1
FDYRHWPGG,1
DYRHWPGGF,1
YRHWPGGFD,1
RASQDVSTAVA,0
ASQDVSTAVAR,0
SQDVSTAVARA,0
QDVSTAVARAS,0
DVSTAVARASQ,0
VSTAVARASQD,0
STAVARASQDV,0
TAVARASQDVS,0
AVARASQDVST,0
VARASQDVSTA,0
ARASQDVSTAV,0
SASFLYS,1
ASFLYSS,1
SFLYSSA,1
FLYSSAS,1
LYSSASF,1
YSSASFL,1
SSASFLY,1
QQYLYHPAT,0
QYLYHPATQ,0
YLYHPATQQ,0
LYHPATQQY,0
YHPATQQYL,0
HPATQQYLY,0
PATQQYLYH,0
ATQQYLYHP,0
TQQYLYHPA,0
GFTFSSY,1
FTFSSYG,1
TFSSYGF,1
FSSYGFT,1
SSYGFTF,1
SYGFTFS,1
YGFTFSS,1
YPSGGI,1
PSGGIY,0
SGGIYP,1
GGIYPS,1
GIYPSG,1
IYPSGG,1
IKLGTVTTVDY,1
KLGTVTTVDYI,1
LGTVTTVDYIK,1
GTVTTVDYIKL,1
TVTTVDYIKLG,0
VTTVDYIKLGT,0
TTVDYIKLGTV,0
TVDYIKLGTVT,0
VDYIKLGTVTT,0
DYIKLGTVTTV,0
YIKLGTVTTVD,0
DVSNRPS,1
VSNRPSD,1
SNRPSDV,1
NRPSDVS,1
RPSDVSN,1
PSDVSNR,0
SDVSNRP,0
SSYTSSSTRV,0
SYTSSSTRVS,1
YTSSSTRVSS,1
TSSSTRVSSY,1
SSSTRVSSYT,0
SSTRVSSYTS,1
STRVSSYTSS,1
TRVSSYTSSS,1
RVSSYTSSST,0
VSSYTSSSTR,1
GDTFSTY,1
DTFSTYG,1
TFSTYGD,1
FSTYGDT,1
STYGDTF,1
TYGDTFS,1
YGDTFST,1
IPIFGK,0
PIFGKI,0
IFGKIP,0
FGKIPI,0
GKIPIF,0
KIPIFG,0
RASQSVSSYLA,1
ASQSVSSYLAR,1
SQSVSSYLARA,1
QSVSSYLARAS,0
SVSSYLARASQ,1
VSSYLARASQS,1
SSYLARASQSV,0
SYLARASQSVS,1
YLARASQSVSS,1
LARASQSVSSY,1
ARASQSVSSYL,1
DASNRAT,1
ASNRATD,1
SNRATDA,1
NRATDAS,1
RATDASN,1
ATDASNR,1
TDASNRA,0
QQRSNWPT,0
QRSNWPTQ,0
RSNWPTQQ,0
SNWPTQQR,0
NWPTQQRS,0
WPTQQRSN,0
PTQQRSNW,0
TQQRSNWP,0
